Model,Sequence,Prediction
SVM,TTCAGCTTTTACCTGCGCGA,0
SVM,CGGCGCCAGGGTTTGGATGC,0
SVM,ATCAGTAAGCCGGAGGCTAA,0
SVM,ACCTACAGTTCTGCAGAGTG,1
SVM,TGTTCTTTTTTTCTGGACCA,0
SVM,ATCACCCTCTTCCGACCGTC,0
SVM,CTGAGCGTGTAGGCGTGTGT,0
SVM,CAAGCTGATAGGTTCGCCAC,0
SVM,GCATGGACTGTGGCGCTGTT,0
SVM,CAAGTAGGGTACCTTACACC,0
SVM,TTTGTTGTCAGACCCCCTCT,0
SVM,CTTCGTGACTTAACCCGTGA,0
SVM,TGCGGTCATCTCCGCGCTAT,0
SVM,TGTCTGAGAACTAATTGCTT,0
SVM,GTACTTATAGAGGCTAGCCA,0
SVM,AATCCAAACTGGTAAAAAAA,1
SVM,GTGTGTACTTTCCACTAGGC,1
SVM,TATCTCACTAACTACACGAG,0
SVM,CATCTACACGCGGGCCACGG,0
SVM,GGGATTCAGACCAGATTGTA,0
SVM,ACATAGGCCAAAGAGCAGCG,0
SVM,CTAGTATTAAAACACGGATC,0
SVM,CTGGAAACATTTGTGGCATA,1
SVM,GTGGGTCATGATTTTGAGCA,0
SVM,CCGCACTCGACGCAGATCCT,1
SVM,ATTGAGGATCGCGCAAATTC,1
SVM,AAAAGGCGCTCCACGTGACT,1
SVM,CACTCTACGCGATACAGTTT,0
SVM,GGTAGAGTCTCAGAGCCAAT,0
SVM,CGCAGATGATAGCCTCAGAA,0
SVM,CTGCACAGGCGTAATTAGAA,1
SVM,CATCATCATTCTGGACTTAT,1
SVM,ACGTAATGGTTGGATTACGG,1
SVM,GTTGACTCATGAGGCTTACG,1
SVM,TACGGGAATTGTCAGGAACT,0
SVM,TGTTCAAAGTCAGACAAGCA,0
SVM,ATGGTGGCACAACGTAGGTT,0
SVM,GTCCGCCCGTAAGACGGGCC,0
SVM,TATCGCTTTCAGCTAAATAA,0
SVM,TTGTTTTGGTAACATGATTG,0
SVM,CGTAGAGACTGAAGTGACCG,0
SVM,GGTACTCTTTCCGCAACTCG,1
SVM,GGATAGAGTACGTTGTTGTA,0
SVM,AAACCGTATGCTAAGCCTTG,0
SVM,CGTTTACATGGTTGAACTCG,1
SVM,GAAACAACTCCTTGTCATCC,0
SVM,CCTGATGTGTTAGGGCACAC,0
SVM,ATAGCACCCCGTCGACGCTC,1
SVM,CATGATCCCATGTTTTCTGC,1
SVM,TTGCTGATGGTGATTAATGG,0
SVM,AGGACGGGTCCATTAACAAT,1
SVM,GGACCTACGCCTATGCCGAG,1
SVM,ATACCTACGAGAAAAGTGCC,0
SVM,ACTAACTTCTGAGGGAGAGA,1
SVM,CTTGGCTTTCCCGGGGGGGA,0
SVM,TCGCCTACACGTCTGTGTTC,1
SVM,AACTAGGTCAGCGGAGCCTA,0
SVM,ATCAGCTTCGAAATGTCCTC,0
SVM,ATGAGGCTACGATGGCTAGA,1
SVM,ATTGATTCCAATCTGGCTTC,1
SVM,GATGGGGTTATATTTTCCTG,0
SVM,GCCTCAGCAGCCCGTCCGTG,0
SVM,CTATTCGTTGACGCCGCCTT,0
SVM,GCTGCGGTAGAGTGGCATCC,0
SVM,TATTATGATAGTCTAAATGG,1
SVM,ACGGACAACCGTTATTGTCA,1
SVM,TATCGTCCTAAAGGCTCGCG,0
SVM,CACCTGCACCCGCTTAAACT,0
SVM,TTGCATCCGCGTGAGGTTGG,1
SVM,GATCGACCCGGAGTAGGCGC,1
SVM,GGTGCGAAGACTAGACTGAA,1
SVM,CAACGAGCGGTGATATGGAT,0
SVM,AATAAGACTGTGTTTGTATG,1
SVM,AGCATGAGGGCGGGCGCCTT,0
SVM,GGGGCTGCGACCGTTGTTTC,0
SVM,GCCTCATTCGAGTGCTACGA,0
SVM,CCTTCGTGTAAGGGGCGAGA,0
SVM,GCCCACAAGCATATACTATC,0
SVM,CATGTGTTCGCTCAACACGA,1
SVM,TTAACAAGAATTACAAAGGA,0
SVM,GCTTTCTCAGGTCCCTGTGA,1
SVM,TCCCGATTCGAAGCCCGATG,0
SVM,ATCGTAAAGCGTAGTCCTAT,1
SVM,CGTGCGCTCTAGAGTAAATT,0
SVM,AAACGGGAAAATCTTAGTTG,0
SVM,GTTCCAACGTGTTGTGTTTC,0
SVM,TGACCGTGGGACGTCTATCT,0
SVM,AGCCATAAATCGACTCGGGA,0
SVM,CTTGAGTGACGTCCTGACTG,1
SVM,ATAAATCGGCTTGTCCGTAT,1
SVM,ATGCATCTAGTCGCTGATTT,1
SVM,ACGGGTACCGTTGGCACTAT,1
SVM,AGAAGGGTCTACTACACGAA,0
SVM,GGATCGTGACACTTTTTATG,0
SVM,ACCGGTTTCAGGCGAGAGAG,0
SVM,CTCTGTCGTTTAATTCTCAT,1
SVM,ACTGGGCCACCTGATCCGGT,1
SVM,AGAGACGGCACGTGTCCTAT,0
SVM,CAACGAAGCTAAAAAACAGT,0
SVM,CTCCTGCGATTTCCGAGTGC,1
SVM,GTGCTGACGAAGGTGAGCTT,0
NN,TTCAGCTTTTACCTGCGCGA,1
NN,CGGCGCCAGGGTTTGGATGC,0
NN,ATCAGTAAGCCGGAGGCTAA,0
NN,ACCTACAGTTCTGCAGAGTG,1
NN,TGTTCTTTTTTTCTGGACCA,0
NN,ATCACCCTCTTCCGACCGTC,0
NN,CTGAGCGTGTAGGCGTGTGT,0
NN,CAAGCTGATAGGTTCGCCAC,0
NN,GCATGGACTGTGGCGCTGTT,1
NN,CAAGTAGGGTACCTTACACC,0
NN,TTTGTTGTCAGACCCCCTCT,1
NN,CTTCGTGACTTAACCCGTGA,0
NN,TGCGGTCATCTCCGCGCTAT,0
NN,TGTCTGAGAACTAATTGCTT,0
NN,GTACTTATAGAGGCTAGCCA,0
NN,AATCCAAACTGGTAAAAAAA,1
NN,GTGTGTACTTTCCACTAGGC,1
NN,TATCTCACTAACTACACGAG,1
NN,CATCTACACGCGGGCCACGG,0
NN,GGGATTCAGACCAGATTGTA,0
NN,ACATAGGCCAAAGAGCAGCG,0
NN,CTAGTATTAAAACACGGATC,0
NN,CTGGAAACATTTGTGGCATA,1
NN,GTGGGTCATGATTTTGAGCA,1
NN,CCGCACTCGACGCAGATCCT,1
NN,ATTGAGGATCGCGCAAATTC,1
NN,AAAAGGCGCTCCACGTGACT,1
NN,CACTCTACGCGATACAGTTT,0
NN,GGTAGAGTCTCAGAGCCAAT,1
NN,CGCAGATGATAGCCTCAGAA,0
NN,CTGCACAGGCGTAATTAGAA,1
NN,CATCATCATTCTGGACTTAT,0
NN,ACGTAATGGTTGGATTACGG,1
NN,GTTGACTCATGAGGCTTACG,1
NN,TACGGGAATTGTCAGGAACT,0
NN,TGTTCAAAGTCAGACAAGCA,0
NN,ATGGTGGCACAACGTAGGTT,1
NN,GTCCGCCCGTAAGACGGGCC,1
NN,TATCGCTTTCAGCTAAATAA,0
NN,TTGTTTTGGTAACATGATTG,1
NN,CGTAGAGACTGAAGTGACCG,0
NN,GGTACTCTTTCCGCAACTCG,1
NN,GGATAGAGTACGTTGTTGTA,1
NN,AAACCGTATGCTAAGCCTTG,1
NN,CGTTTACATGGTTGAACTCG,0
NN,GAAACAACTCCTTGTCATCC,0
NN,CCTGATGTGTTAGGGCACAC,0
NN,ATAGCACCCCGTCGACGCTC,0
NN,CATGATCCCATGTTTTCTGC,1
NN,TTGCTGATGGTGATTAATGG,1
NN,AGGACGGGTCCATTAACAAT,1
NN,GGACCTACGCCTATGCCGAG,0
NN,ATACCTACGAGAAAAGTGCC,1
NN,ACTAACTTCTGAGGGAGAGA,1
NN,CTTGGCTTTCCCGGGGGGGA,1
NN,TCGCCTACACGTCTGTGTTC,0
NN,AACTAGGTCAGCGGAGCCTA,1
NN,ATCAGCTTCGAAATGTCCTC,1
NN,ATGAGGCTACGATGGCTAGA,0
NN,ATTGATTCCAATCTGGCTTC,0
NN,GATGGGGTTATATTTTCCTG,1
NN,GCCTCAGCAGCCCGTCCGTG,0
NN,CTATTCGTTGACGCCGCCTT,0
NN,GCTGCGGTAGAGTGGCATCC,1
NN,TATTATGATAGTCTAAATGG,1
NN,ACGGACAACCGTTATTGTCA,1
NN,TATCGTCCTAAAGGCTCGCG,1
NN,CACCTGCACCCGCTTAAACT,0
NN,TTGCATCCGCGTGAGGTTGG,0
NN,GATCGACCCGGAGTAGGCGC,1
NN,GGTGCGAAGACTAGACTGAA,1
NN,CAACGAGCGGTGATATGGAT,1
NN,AATAAGACTGTGTTTGTATG,0
NN,AGCATGAGGGCGGGCGCCTT,0
NN,GGGGCTGCGACCGTTGTTTC,0
NN,GCCTCATTCGAGTGCTACGA,1
NN,CCTTCGTGTAAGGGGCGAGA,1
NN,GCCCACAAGCATATACTATC,0
NN,CATGTGTTCGCTCAACACGA,1
NN,TTAACAAGAATTACAAAGGA,1
NN,GCTTTCTCAGGTCCCTGTGA,1
NN,TCCCGATTCGAAGCCCGATG,0
NN,ATCGTAAAGCGTAGTCCTAT,1
NN,CGTGCGCTCTAGAGTAAATT,1
NN,AAACGGGAAAATCTTAGTTG,1
NN,GTTCCAACGTGTTGTGTTTC,0
NN,TGACCGTGGGACGTCTATCT,0
NN,AGCCATAAATCGACTCGGGA,0
NN,CTTGAGTGACGTCCTGACTG,1
NN,ATAAATCGGCTTGTCCGTAT,0
NN,ATGCATCTAGTCGCTGATTT,1
NN,ACGGGTACCGTTGGCACTAT,1
NN,AGAAGGGTCTACTACACGAA,0
NN,GGATCGTGACACTTTTTATG,1
NN,ACCGGTTTCAGGCGAGAGAG,1
NN,CTCTGTCGTTTAATTCTCAT,0
NN,ACTGGGCCACCTGATCCGGT,0
NN,AGAGACGGCACGTGTCCTAT,0
NN,CAACGAAGCTAAAAAACAGT,0
NN,CTCCTGCGATTTCCGAGTGC,0
NN,GTGCTGACGAAGGTGAGCTT,0
RF,TTCAGCTTTTACCTGCGCGA,0
RF,CGGCGCCAGGGTTTGGATGC,0
RF,ATCAGTAAGCCGGAGGCTAA,1
RF,ACCTACAGTTCTGCAGAGTG,1
RF,TGTTCTTTTTTTCTGGACCA,0
RF,ATCACCCTCTTCCGACCGTC,0
RF,CTGAGCGTGTAGGCGTGTGT,0
RF,CAAGCTGATAGGTTCGCCAC,1
RF,GCATGGACTGTGGCGCTGTT,1
RF,CAAGTAGGGTACCTTACACC,0
RF,TTTGTTGTCAGACCCCCTCT,0
RF,CTTCGTGACTTAACCCGTGA,0
RF,TGCGGTCATCTCCGCGCTAT,0
RF,TGTCTGAGAACTAATTGCTT,1
RF,GTACTTATAGAGGCTAGCCA,1
RF,AATCCAAACTGGTAAAAAAA,0
RF,GTGTGTACTTTCCACTAGGC,0
RF,TATCTCACTAACTACACGAG,0
RF,CATCTACACGCGGGCCACGG,0
RF,GGGATTCAGACCAGATTGTA,0
RF,ACATAGGCCAAAGAGCAGCG,0
RF,CTAGTATTAAAACACGGATC,0
RF,CTGGAAACATTTGTGGCATA,0
RF,GTGGGTCATGATTTTGAGCA,0
RF,CCGCACTCGACGCAGATCCT,1
RF,ATTGAGGATCGCGCAAATTC,0
RF,AAAAGGCGCTCCACGTGACT,0
RF,CACTCTACGCGATACAGTTT,0
RF,GGTAGAGTCTCAGAGCCAAT,0
RF,CGCAGATGATAGCCTCAGAA,0
RF,CTGCACAGGCGTAATTAGAA,1
RF,CATCATCATTCTGGACTTAT,1
RF,ACGTAATGGTTGGATTACGG,1
RF,GTTGACTCATGAGGCTTACG,1
RF,TACGGGAATTGTCAGGAACT,1
RF,TGTTCAAAGTCAGACAAGCA,0
RF,ATGGTGGCACAACGTAGGTT,0
RF,GTCCGCCCGTAAGACGGGCC,0
RF,TATCGCTTTCAGCTAAATAA,0
RF,TTGTTTTGGTAACATGATTG,0
RF,CGTAGAGACTGAAGTGACCG,0
RF,GGTACTCTTTCCGCAACTCG,0
RF,GGATAGAGTACGTTGTTGTA,1
RF,AAACCGTATGCTAAGCCTTG,1
RF,CGTTTACATGGTTGAACTCG,0
RF,GAAACAACTCCTTGTCATCC,0
RF,CCTGATGTGTTAGGGCACAC,1
RF,ATAGCACCCCGTCGACGCTC,1
RF,CATGATCCCATGTTTTCTGC,1
RF,TTGCTGATGGTGATTAATGG,0
RF,AGGACGGGTCCATTAACAAT,0
RF,GGACCTACGCCTATGCCGAG,0
RF,ATACCTACGAGAAAAGTGCC,0
RF,ACTAACTTCTGAGGGAGAGA,1
RF,CTTGGCTTTCCCGGGGGGGA,0
RF,TCGCCTACACGTCTGTGTTC,1
RF,AACTAGGTCAGCGGAGCCTA,0
RF,ATCAGCTTCGAAATGTCCTC,1
RF,ATGAGGCTACGATGGCTAGA,1
RF,ATTGATTCCAATCTGGCTTC,0
RF,GATGGGGTTATATTTTCCTG,1
RF,GCCTCAGCAGCCCGTCCGTG,1
RF,CTATTCGTTGACGCCGCCTT,0
RF,GCTGCGGTAGAGTGGCATCC,1
RF,TATTATGATAGTCTAAATGG,0
RF,ACGGACAACCGTTATTGTCA,1
RF,TATCGTCCTAAAGGCTCGCG,1
RF,CACCTGCACCCGCTTAAACT,0
RF,TTGCATCCGCGTGAGGTTGG,0
RF,GATCGACCCGGAGTAGGCGC,1
RF,GGTGCGAAGACTAGACTGAA,0
RF,CAACGAGCGGTGATATGGAT,0
RF,AATAAGACTGTGTTTGTATG,1
RF,AGCATGAGGGCGGGCGCCTT,0
RF,GGGGCTGCGACCGTTGTTTC,0
RF,GCCTCATTCGAGTGCTACGA,1
RF,CCTTCGTGTAAGGGGCGAGA,0
RF,GCCCACAAGCATATACTATC,0
RF,CATGTGTTCGCTCAACACGA,1
RF,TTAACAAGAATTACAAAGGA,1
RF,GCTTTCTCAGGTCCCTGTGA,1
RF,TCCCGATTCGAAGCCCGATG,0
RF,ATCGTAAAGCGTAGTCCTAT,0
RF,CGTGCGCTCTAGAGTAAATT,0
RF,AAACGGGAAAATCTTAGTTG,0
RF,GTTCCAACGTGTTGTGTTTC,0
RF,TGACCGTGGGACGTCTATCT,0
RF,AGCCATAAATCGACTCGGGA,1
RF,CTTGAGTGACGTCCTGACTG,1
RF,ATAAATCGGCTTGTCCGTAT,0
RF,ATGCATCTAGTCGCTGATTT,0
RF,ACGGGTACCGTTGGCACTAT,1
RF,AGAAGGGTCTACTACACGAA,0
RF,GGATCGTGACACTTTTTATG,0
RF,ACCGGTTTCAGGCGAGAGAG,1
RF,CTCTGTCGTTTAATTCTCAT,0
RF,ACTGGGCCACCTGATCCGGT,1
RF,AGAGACGGCACGTGTCCTAT,1
RF,CAACGAAGCTAAAAAACAGT,0
RF,CTCCTGCGATTTCCGAGTGC,1
RF,GTGCTGACGAAGGTGAGCTT,1
